{
  "best_val_acc": 0.9691358024691358,
  "test_acc_standard": 0.9742798353909465,
  "test_acc_tta": 0.9783950617283951,
  "macro_auc": 0.9980637590356825,
  "classification_report": {
    "AD": {
      "precision": 0.9768041237113402,
      "recall": 0.9844155844155844,
      "f1-score": 0.9805950840879689,
      "support": 385.0
    },
    "CONTROL": {
      "precision": 0.9777777777777777,
      "recall": 0.975609756097561,
      "f1-score": 0.97669256381798,
      "support": 451.0
    },
    "PD": {
      "precision": 0.9850746268656716,
      "recall": 0.9705882352941176,
      "f1-score": 0.9777777777777777,
      "support": 136.0
    },
    "accuracy": 0.9783950617283951,
    "macro avg": {
      "precision": 0.9798855094515965,
      "recall": 0.9768711919357543,
      "f1-score": 0.9783551418945756,
      "support": 972.0
    },
    "weighted avg": {
      "precision": 0.9784130809263119,
      "recall": 0.9783950617283951,
      "f1-score": 0.9783901557958382,
      "support": 972.0
    }
  },
  "confusion_matrix": [
    [
      379,
      6,
      0
    ],
    [
      9,
      440,
      2
    ],
    [
      0,
      4,
      132
    ]
  ],
  "config": {
    "img_size": 224,
    "batch_size": 16,
    "accum_steps": 4,
    "effective_batch": 64,
    "epochs": 80,
    "local_encoder": "efficientnetv2_s",
    "global_encoder": "swin_tiny_patch4_window7_224",
    "fusion": "CrossFusionAttention",
    "loss": "FocalLoss+LabelSmoothing",
    "optimizer": "AdamW",
    "scheduler": "OneCycleLR",
    "tta_steps": 5,
    "mixed_precision": true
  }
}